dataset,path,sha256,x_train_mean_max_abs,x_active_train_std_max_abs_error,x_constant_channels,y_train_mean_max_abs,y_active_train_std_max_abs_error,y_constant_channels,n_train,n_val,n_test,channels,n_grid
D6,/kaggle/working/data/dataset_D6.npz,b9f00f0731d30bc51aa00cd42c772220c38f22c3565edc545ea2e959f691d4da,1.2395091119937465e-08,7.189920125938443e-08,1,3.731746254821441e-09,4.304033995872203e-08,0,7000,1500,1500,3,25
D8var,/kaggle/working/data/dataset_D8var.npz,40ae6a1ef80562d7849bb080e76673bbeb156d879d9f4c406ed68df74ea97180,1.2183695521525806e-08,7.189920125938443e-08,0,5.606810600979121e-09,1.629606194430977e-08,0,7000,1500,1500,3,25
D8irregular,/kaggle/working/data/dataset_D8irregular.npz,03674a5f9adf66bd7726081cefbf71b4827e6392f36f89c8558163b85f81f69c,2.5272928705873005e-08,7.189921613637296e-08,0,3.1703090519710842e-09,1.972667207361667e-08,0,4900,1050,1050,5,25
