dataset,baseline,model,metric,n_pairs,mean_difference_comparison_minus_baseline,cohen_dz,wilcoxon_statistic,p_value
D6,cnn,GNN,rmse,10,0.008093209248976831,48.93529180228806,0.0,0.001953125
D6,cnn,eQELM,rmse,10,0.00072309149031263,3.239885979803522,0.0,0.001953125
D8irregular,cnn,GNN,rmse,5,0.04545848675859226,116.75648238212635,0.0,0.0625
D8irregular,cnn,eQELM,rmse,5,0.0012774146998863595,2.9236667265337206,0.0,0.0625
D8var,cnn,GNN,rmse,10,0.023104419997596548,50.884810252194065,0.0,0.001953125
D8var,cnn,eQELM,rmse,10,0.0028311529792198202,7.169517679216761,0.0,0.001953125
