dataset,baseline,model,metric,n_pairs,mean_difference_comparison_minus_baseline,cohen_dz,wilcoxon_statistic,p_value
D6,cnn,GNN,mae,10,0.00543090624755864,59.010497147333865,0.0,0.001953125
D6,cnn,eQELM,mae,10,0.00015956584716799997,1.471247342505012,0.0,0.001953125
D8irregular,cnn,GNN,mae,5,0.029633861700148822,96.9866080692268,0.0,0.0625
D8irregular,cnn,eQELM,mae,5,9.269792596725973e-05,0.31347052657693586,4.0,0.4375
D8var,cnn,GNN,mae,10,0.01429218032836915,43.20778881838548,0.0,0.001953125
D8var,cnn,eQELM,mae,10,0.0016528514416503898,5.708987143406392,0.0,0.001953125
